"Time","Date"
"10:42","10/4/2023"
"11:42","10/5/2023"
"12:42","10/6/2023"
"13:42","10/7/2023"
"14:42","10/8/2023"
"15:42","10/9/2023"
"16:42","10/10/2023"
"17:42","10/11/2023"
"18:42","10/12/2023"
"19:42","10/13/2023"
"20:42","10/14/2023"
"21:42","10/15/2023"
"22:42","10/16/2023"
"23:42","10/17/2023"
"0:42","10/18/2023"
"1:42","10/19/2023"
"2:42","10/20/2023"
"3:42","10/21/2023"
"4:42","10/22/2023"
"5:42","10/23/2023"
"6:42","10/24/2023"
"7:42","10/25/2023"
"8:42","10/26/2023"
"9:42","10/27/2023"
"10:42","10/28/2023"
"11:42","10/29/2023"
"12:42","10/30/2023"
"13:42","10/31/2023"
"14:42","11/1/2023"
"15:42","11/2/2023"
"16:42","11/3/2023"
"17:42","11/4/2023"
"18:42","11/5/2023"
"19:42","11/6/2023"
"20:42","11/7/2023"
"21:42","11/8/2023"
"22:42","11/9/2023"
"23:42","11/10/2023"
"0:42","11/11/2023"
"1:42","11/12/2023"
"2:42","11/13/2023"
"3:42","11/14/2023"
"4:42","11/15/2023"
"5:42","11/16/2023"
"6:42","11/17/2023"
"7:42","11/18/2023"
"8:42","11/19/2023"
"9:42","11/20/2023"
"10:42","11/21/2023"
"11:42","11/22/2023"
"12:42","11/23/2023"
"13:42","11/24/2023"
"14:42","11/25/2023"
"15:42","11/26/2023"
"16:42","11/27/2023"
"17:42","11/28/2023"
"18:42","11/29/2023"
"19:42","11/30/2023"
"20:42","12/1/2023"
"21:42","12/2/2023"
"22:42","12/3/2023"
"23:42","12/4/2023"
"0:42","12/5/2023"
"1:42","12/6/2023"
"2:42","12/7/2023"
"3:42","12/8/2023"
"4:42","12/9/2023"
"5:42","12/10/2023"
"6:42","12/11/2023"
"7:42","12/12/2023"
"8:42","12/13/2023"
"9:42","12/14/2023"
"10:42","12/15/2023"
"11:42","12/16/2023"
"12:42","12/17/2023"
"13:42","12/18/2023"
"14:42","12/19/2023"
"15:42","12/20/2023"
"16:42","12/21/2023"
"17:42","12/22/2023"
"18:42","12/23/2023"
"19:42","12/24/2023"
"20:42","12/25/2023"
"21:42","12/26/2023"
"22:42","12/27/2023"
"23:42","12/28/2023"
"0:42","12/29/2023"
"1:42","12/30/2023"
"2:42","12/31/2023"
"3:42","1/1/2024"
"4:42","1/2/2024"
"5:42","1/3/2024"
"6:42","1/4/2024"
"7:42","1/5/2024"
"8:42","1/6/2024"
"9:42","1/7/2024"
"10:42","1/8/2024"
"11:42","1/9/2024"
"12:42","1/10/2024"
